action_ref,owner,pin_type,kind,repo_count,total_uses
EdisonLabs/sns-publish-workflow-status-action@v1,EdisonLabs,tag,action,2885,5788
shivammathur/setup-php@v2,shivammathur,tag,action,99,452
byu-oit/github-action-create-ecr-repo-if-missing@v2,byu-oit,tag,action,53,432
octokit/request-action@v2.x,octokit,tag,action,300,301
planetscale/ghcommit-action@v0.2.0,planetscale,tag,action,291,292
peter-evans/create-or-update-comment@v4,peter-evans,tag,action,90,270
andstor/file-existence-action@v2,andstor,tag,action,23,253
gr2m/create-or-update-pull-request-action@v1.x,gr2m,tag,action,121,166
crazy-max/ghaction-github-labeler@v1,crazy-max,tag,action,130,130
shivammathur/setup-php@v2,shivammathur,tag,action,29,118
browserstack/github-actions/setup-local@master,browserstack,branch,action,5,98
crazy-max/ghaction-github-labeler@v5,crazy-max,tag,action,80,80
peter-evans/create-or-update-comment@71345be0265236311c031f5c7866368bd1eff043,peter-evans,sha,action,16,78
dependabot/fetch-metadata@v2.2.0,dependabot,tag,action,76,76
byu-oit/github-action-create-ecr-repo-if-missing@v1,byu-oit,tag,action,6,70
WyriHaximus/github-action-wait-for-status@master,WyriHaximus,branch,action,68,68
peter-evans/create-or-update-comment@e8674b075228eee787fea43ef493e45ece1004c9,peter-evans,sha,action,12,61
release-drafter/release-drafter@v5.3.0,release-drafter,tag,action,56,56
TimonVS/pr-labeler-action@v3,TimonVS,tag,action,56,56
browserstack/github-actions/setup-env@master,browserstack,branch,action,9,53
ankane/setup-opensearch@v1,ankane,tag,action,51,53
reviewdog/action-actionlint@v1,reviewdog,tag,action,51,51
r-lib/actions/setup-r@v2,r-lib,tag,action,25,51
r-lib/actions/setup-r-dependencies@v2,r-lib,tag,action,24,50
bryannice/gitactions-jira-issue-creation@master,bryannice,branch,action,46,46
databricks/setup-cli@main,databricks,branch,action,10,46
tzkhan/pr-update-action@v2,tzkhan,tag,action,46,46
hmarr/debug-action@v2,hmarr,tag,action,43,45
ad-m/github-push-action@master,ad-m,branch,action,10,44
seqeralabs/action-tower-launch@v2,seqeralabs,tag,action,17,42
graalvm/setup-graalvm@v1,graalvm,tag,action,31,42
astral-sh/setup-uv@v5,astral-sh,tag,action,26,41
AutoModality/action-clean@v1,AutoModality,tag,action,7,41
cloudflare/wrangler-action@v3,cloudflare,tag,action,16,40
cloudflare/wrangler-action@v3,cloudflare,tag,action,10,38
nf-core/setup-nextflow@v2,nf-core,tag,action,18,38
mshick/add-pr-comment@b8f338c590a895d50bcbfa6c5859251edc8952fc,mshick,sha,action,21,36
byu-oit/github-action-create-ecr-repo-if-missing@v2,byu-oit,tag,action,3,34
patrickpaulin/ms-teams-deploy-card@master,patrickpaulin,branch,action,20,33
xom9ikk/dotenv@v2.3.0,xom9ikk,tag,action,10,32
stumason/codebuild-logs@v2,stumason,tag,action,25,31
tj-actions/changed-files@e0021407031f5be11a464abee9a0776171c79891,tj-actions,sha,action,3,29
anothrNick/github-tag-action@1.61.0,anothrNick,tag,action,25,25
adobe/aio-apps-action@3.3.0,adobe,tag,action,2,24
Azure/k8s-deploy@v5,Azure,tag,action,1,24
snyk/actions/dotnet@master,snyk,branch,action,23,23
snyk/actions/golang@master,snyk,branch,action,23,23
release-drafter/release-drafter@v5,release-drafter,tag,action,23,23
snyk/actions/cocoapods@master,snyk,branch,action,23,23
snyk/actions/gradle@master,snyk,branch,action,23,23
snyk/actions/docker@master,snyk,branch,action,23,23
snyk/actions/iac@master,snyk,branch,action,23,23
elastic/elastic-github-actions/elasticsearch@master,elastic,branch,action,23,23
srvaroa/labeler@master,srvaroa,branch,action,23,23
snyk/actions/scala@master,snyk,branch,action,23,23
snyk/actions/node@master,snyk,branch,action,23,23
snyk/actions/maven@master,snyk,branch,action,23,23
snyk/actions/ruby@master,snyk,branch,action,23,23
snyk/actions/python@master,snyk,branch,action,23,23
NuGet/setup-nuget@v1.1.1,NuGet,tag,action,23,23
jlumbroso/free-disk-space@54081f138730dfa15788a46383842cd2f914a1be,jlumbroso,sha,action,18,23
cloudflare/wrangler-action@v3,cloudflare,tag,action,6,22
andstor/file-existence-action@v2,andstor,tag,action,2,22
byu-oit/github-action-create-ecr-repo-if-missing@v2,byu-oit,tag,action,7,21
hmarr/debug-action@v2.0.1,hmarr,tag,action,1,21
hadolint/hadolint-action@v3.1.0,hadolint,tag,action,20,20
dkershner6/post-api-call-action@v2,dkershner6,tag,action,3,19
astral-sh/setup-uv@08807647e7069bb48b6ef5acd8ec9567f424441b,astral-sh,sha,action,11,19
peter-evans/create-pull-request@v7,peter-evans,tag,action,16,17
nf-core/setup-nextflow@v1,nf-core,tag,action,7,17
r-lib/actions/setup-pandoc@v2,r-lib,tag,action,10,17
astral-sh/setup-uv@fac544c07dec837d0ccb6301d7b5580bf5edae39,astral-sh,sha,action,6,17
browser-actions/setup-chrome@latest,browser-actions,branch,action,5,17
iamtheyammer/branch-env-vars@v1.0.3,iamtheyammer,tag,action,16,16
pietrobolcato/action-read-yaml@9f13718d61111b69f30ab4ac683e67a56d254e1d,pietrobolcato,sha,action,16,16
nf-core/setup-nextflow@b4ec1bc7c16a94435159de94a05253542fddf6ef,nf-core,sha,action,4,16
accelq/accelq-ci-github-actions@v1.1,accelq,tag,action,2,16
stefanzweifel/git-auto-commit-action@v5,stefanzweifel,tag,action,4,15
nichmor/minimal-read-yaml@1f7205277e25e156e1f63815781db80a6d490b8f,nichmor,sha,action,15,15
astral-sh/setup-uv@v4,astral-sh,tag,action,5,15
adobe/aio-apps-action@3.4.0,adobe,tag,action,1,14
step-security/changed-files@v45,step-security,tag,action,14,14
rzr/fediverse-action@master,rzr,branch,action,14,14
adobe/aio-cli-setup-action@1.3.0,adobe,tag,action,3,14
astral-sh/setup-uv@v4,astral-sh,tag,action,9,14
tj-actions/changed-files@v31,tj-actions,tag,action,3,14
dawidd6/action-download-artifact@ac66b43f0e6a346234dd65d4d0c8fbb31cb316e5,dawidd6,sha,action,13,13
prefix-dev/setup-pixi@1b2de7f3351f171c8b4dfeb558c639cb58ed4ec0,prefix-dev,sha,action,7,13
xom9ikk/dotenv@v2,xom9ikk,tag,action,12,13
nuget/setup-nuget@v1,nuget,tag,action,13,13
Azure/functions-action@v1,Azure,tag,action,8,12
TimonVS/pr-labeler-action@v5,TimonVS,tag,action,12,12
peter-evans/create-or-update-comment@v5,peter-evans,tag,action,4,12
r-lib/actions/check-r-package@v2,r-lib,tag,action,11,12
nowactions/envsubst@v1,nowactions,tag,action,12,12
eWaterCycle/setup-apptainer@4bb22c52d4f63406c49e94c804632975787312b3,eWaterCycle,sha,action,12,12
astral-sh/setup-uv@803947b9bd8e9f986429fa0c5a41c367cd732b41,astral-sh,sha,action,7,12
astral-sh/setup-uv@04224aa8caab79e9c08d41c1ef06d6394aafe6a0,astral-sh,sha,action,12,12
andstor/file-existence-action@v1,andstor,tag,action,10,12
mshick/add-pr-comment@v1,mshick,tag,action,6,11
stumason/codebuild-logs@v1,stumason,tag,action,9,11
peter-evans/create-or-update-comment@v2,peter-evans,tag,action,1,11
astral-sh/setup-uv@v5,astral-sh,tag,action,6,11
paulhatch/semantic-version@v5.0.3,paulhatch,tag,action,5,11
andstor/file-existence-action@v2,andstor,tag,action,1,11
pnpm/action-setup@v4,pnpm,tag,action,5,11
crazy-max/ghaction-github-labeler@v4,crazy-max,tag,action,11,11
aquasecurity/trivy-action@57a97c7e7821a5776cebc9bb87c984fa69cba8f1,aquasecurity,sha,action,5,10
DamianReeves/write-file-action@master,DamianReeves,branch,action,5,10
astral-sh/setup-uv@v3,astral-sh,tag,action,4,10
robinraju/release-downloader@v1.7,robinraju,tag,action,5,10
open-policy-agent/setup-opa@34a30e8a924d1b03ce2cf7abe97250bbb1f332b5,open-policy-agent,sha,action,5,10
simbo/msteams-message-card-action@latest,simbo,branch,action,2,10
peter-evans/create-pull-request@c0f553fe549906ede9cf27b5156039d195d2ece0,peter-evans,sha,action,9,10
astral-sh/setup-uv@v7,astral-sh,tag,action,3,10
shivammathur/setup-php@2.12.0,shivammathur,tag,action,5,10
release-drafter/release-drafter@v6.1.0,release-drafter,tag,action,10,10
morrisoncole/pr-lint-action@v1.5.0,morrisoncole,tag,action,10,10
snyk/actions/iac@master,snyk,branch,action,2,9
softprops/action-gh-release@v2,softprops,tag,action,8,9
dtolnay/rust-toolchain@stable,dtolnay,branch,action,3,9
stCarolas/setup-maven@v5,stCarolas,tag,action,4,9
r-lib/actions/setup-r@v2,r-lib,tag,action,4,9
hmanzur/actions-set-secret@v2.0.0,hmanzur,tag,action,3,9
crazy-max/ghaction-import-gpg@v6,crazy-max,tag,action,6,9
byu-oit/github-action-create-ecr-repo-if-missing@v1,byu-oit,tag,action,3,9
dawidd6/action-send-mail@v3.6.0,dawidd6,tag,action,1,8
aquasecurity/trivy-action@b6643a29fecd7f34b3597bc6acb0a98b03d33ff8,aquasecurity,sha,action,2,8
bazel-contrib/setup-bazel@c5acdfb288317d0b5c0bbd7a396a3dc868bb0f86,bazel-contrib,sha,action,1,8
astral-sh/setup-uv@v7,astral-sh,tag,action,8,8
sliteteam/github-action-git-crypt-unlock@1.2.0,sliteteam,tag,action,1,8
databricks/setup-cli@137ce208202e4b46c70a80568b206fdc7373c869,databricks,sha,action,2,8
astral-sh/setup-uv@v5,astral-sh,tag,action,3,8
astral-sh/setup-uv@08807647e7069bb48b6ef5acd8ec9567f424441b,astral-sh,sha,action,2,7
tj-actions/changed-files@v45,tj-actions,tag,action,5,7
crazy-max/ghaction-import-gpg@v6,crazy-max,tag,action,4,7
marocchino/sticky-pull-request-comment@773744901bac0e8cbb5a0dc842800d45e9b2b405,marocchino,sha,action,7,7
astral-sh/setup-uv@v4,astral-sh,tag,action,5,7
tj-actions/changed-files@v44,tj-actions,tag,action,4,7
pre-commit/action@v3.0.1,pre-commit,tag,action,7,7
zentered/bluesky-post-action@6461056ea355ea43b977e149f7bf76aaa572e5e8,zentered,sha,action,7,7
astral-sh/setup-uv@eac588ad8def6316056a12d4907a9d4d84ff7a3b,astral-sh,sha,action,2,7
stCarolas/setup-maven@v5,stCarolas,tag,action,4,7
marocchino/sticky-pull-request-comment@331f8f5b4215f0445d3c07b4967662a32a2d3e31,marocchino,sha,action,7,7
astral-sh/setup-uv@37802adc94f370d6bfd71619e3f0bf239e1f3b78,astral-sh,sha,action,2,7
tj-actions/changed-files@v34.4.2,tj-actions,tag,action,7,7
softprops/action-gh-release@v1,softprops,tag,action,5,7
marocchino/sticky-pull-request-comment@52423e01640425a022ef5fd42c6fb5f633a02728,marocchino,sha,action,7,7
gradle/gradle-build-action@v2,gradle,tag,action,6,7
snok/install-poetry@v1,snok,tag,action,5,7
release-drafter/release-drafter@v6.0.0,release-drafter,tag,action,7,7
gradle/gradle-build-action@67421db6bd0bf253fb4bd25b31ebb98943c375e1,gradle,sha,action,7,7
skitionek/notify-microsoft-teams@0953822ab410e9a50e2abd2d6d8f85230b1ae4d6,skitionek,sha,action,2,7
Seagen/tops-data-science/.github/workflows/terraform-plan-apply.yml@development,Seagen,branch,reusable_workflow,3,7
sfdx-actions/setup-sfdx@v1,sfdx-actions,tag,action,3,7
release-drafter/release-drafter@v5.15.0,release-drafter,tag,action,7,7
jesusvasquez333/verify-pr-label-action@v1.4.0,jesusvasquez333,tag,action,7,7
php-actions/composer@v6,php-actions,tag,action,7,7
dependabot/fetch-metadata@v3.1.0,dependabot,tag,action,7,7
astral-sh/setup-uv@38f3f104447c67c051c4a08e39b64a148898af3a,astral-sh,sha,action,4,6
Seagen/tops-data-science/.github/workflows/workspace-environment.yml@development,Seagen,branch,reusable_workflow,2,6
prefix-dev/setup-pixi@v0.9.0,prefix-dev,tag,action,6,6
astral-sh/setup-uv@d4b2f3b6ecc6e67c4457f6d3e41ec42d3d0fcb86,astral-sh,sha,action,3,6
Swatinem/rust-cache@v2,Swatinem,tag,action,1,6
prefix-dev/setup-pixi@v0,prefix-dev,tag,action,1,6
astral-sh/setup-uv@v5,astral-sh,tag,action,6,6
technote-space/get-diff-action@v6,technote-space,tag,action,1,6
r-lib/actions/setup-r@6f6e5bc62fba3a704f74e7ad7ef7676c5c6a2590,r-lib,sha,action,6,6
r-lib/actions/setup-pandoc@6f6e5bc62fba3a704f74e7ad7ef7676c5c6a2590,r-lib,sha,action,6,6
SonarSource/sonarqube-scan-action@v6,SonarSource,tag,action,6,6
marocchino/sticky-pull-request-comment@v2,marocchino,tag,action,6,6
mshick/add-pr-comment@8e4927817251f1ff60c001f04568532b38e0b4a0,mshick,sha,action,4,6
r-lib/actions/setup-r-dependencies@6f6e5bc62fba3a704f74e7ad7ef7676c5c6a2590,r-lib,sha,action,6,6
r-lib/actions/check-r-package@6f6e5bc62fba3a704f74e7ad7ef7676c5c6a2590,r-lib,sha,action,6,6
terraform-linters/setup-tflint@v4,terraform-linters,tag,action,6,6
browserstack/github-actions/setup-local@5962ee78f5cf0647e9ff00026c3b98c307daa251,browserstack,sha,action,1,6
sisodiya2421/pinger@master,sisodiya2421,branch,action,1,6
LouisBrunner/checks-action@87e7256e004e2625f00da7b5fd8c855cb520da89,LouisBrunner,sha,action,1,6
allenevans/set-env@b68e0a75c99b96b43963b54bc2be13e2f103ad87,allenevans,sha,action,2,6
peter-evans/repository-dispatch@v2,peter-evans,tag,action,6,6
crazy-max/ghaction-github-labeler@v6,crazy-max,tag,action,6,6
chrnorm/deployment-status@releases/v1,chrnorm,branch,action,3,6
anothrNick/github-tag-action@1.39.0,anothrNick,tag,action,4,6
Mattraks/delete-workflow-runs@v2,Mattraks,tag,action,6,6
technote-space/get-diff-action@v6,technote-space,tag,action,1,6
repo-sync/pull-request@v2,repo-sync,tag,action,4,6
stCarolas/setup-maven@v4.4,stCarolas,tag,action,3,6
ruby/setup-ruby@v1,ruby,tag,action,5,5
snyk/actions/docker@master,snyk,branch,action,3,5
conda-incubator/setup-miniconda@v3,conda-incubator,tag,action,1,5
tj-actions/changed-files@v46,tj-actions,tag,action,2,5
iamtheyammer/branch-env-vars@v1.0.4,iamtheyammer,tag,action,5,5
stumason/codebuild-logs@v3,stumason,tag,action,5,5
dependabot/fetch-metadata@v2.4.0,dependabot,tag,action,5,5
SonarSource/sonarqube-scan-action@v5,SonarSource,tag,action,5,5
hmarr/debug-action@v3,hmarr,tag,action,5,5
nf-core/setup-nextflow@6c2e22b4d901f0c42ca66c5069f8026df026d165,nf-core,sha,action,2,5
astral-sh/setup-uv@61cb8a9741eeb8a550a1b8544337180c0fc8476b,astral-sh,sha,action,2,5
dawidd6/action-download-artifact@v2,dawidd6,tag,action,5,5
Seagen/tops-data-science/.github/workflows/docker-build-push-gcp.yml@add-filename-for-docker,Seagen,branch,reusable_workflow,1,5
zentered/bluesky-post-action@80dbe0a7697de18c15ad22f4619919ceb5ccf597,zentered,sha,action,5,5
j178/prek-action@bdca6f102f98e2b4c7029491a53dfd366469e33d,j178,sha,action,2,5
astral-sh/setup-uv@v6,astral-sh,tag,action,4,5
webfactory/ssh-agent@v0.9.0,webfactory,tag,action,2,5
stefanzweifel/git-auto-commit-action@v5,stefanzweifel,tag,action,3,5
psf/black@stable,psf,branch,action,5,5
tj-actions/changed-files@v45,tj-actions,tag,action,3,5
simple-elf/allure-report-action@master,simple-elf,branch,action,1,4
peter-evans/create-pull-request@v7,peter-evans,tag,action,3,4
crazy-max/ghaction-docker-meta@v1,crazy-max,tag,action,2,4
databricks/setup-cli@9925cdb329614cccdba6f9a847ae9c095db12b13,databricks,sha,action,2,4
byu-oit/github-action-create-ecr-repo-if-missing@v2,byu-oit,tag,action,1,4
peaceiris/actions-gh-pages@v2,peaceiris,tag,action,1,4
dependency-check/Dependency-Check_Action@main,dependency-check,branch,action,3,4
oven-sh/setup-bun@v2,oven-sh,tag,action,3,4
jfrog/setup-jfrog-cli@v4,jfrog,tag,action,4,4
ncipollo/release-action@v1,ncipollo,tag,action,2,4
pnpm/action-setup@fc06bc1257f339d1d5d8b3a19a8cae5388b55320,pnpm,sha,action,1,4
appleboy/ssh-action@v1.2.0,appleboy,tag,action,1,4
shivammathur/setup-php@v2,shivammathur,tag,action,1,4
ruby/setup-ruby@afeafc3d1ab54a631816aba4c914a0081c12ff2f,ruby,sha,action,1,4
Wandalen/wretry.action@v1.0.11,Wandalen,tag,action,1,4
peter-evans/create-or-update-comment@v2,peter-evans,tag,action,1,4
tj-actions/branch-names@v5.2,tj-actions,tag,action,1,4
j178/prek-action@6ad80277337ad479fe43bd70701c3f7f8aa74db3,j178,sha,action,2,4
seqeralabs/action-tower-launch@51565b514bff1827cf34620de25d0055759f1fc9,seqeralabs,sha,action,2,4
prefix-dev/setup-pixi@5185adfbffb4bd703da3010310260805d89ebb11,prefix-dev,sha,action,4,4
pnpm/action-setup@0e279bb959325dab635dd2c09392533439d90093,pnpm,sha,action,2,4
chromaui/action@v1,chromaui,tag,action,2,4
muhfaris/request-action@v0.1.2,muhfaris,tag,action,2,4
dependabot/fetch-metadata@v2.3.0,dependabot,tag,action,4,4
ncipollo/release-action@v1,ncipollo,tag,action,2,4
anothrNick/github-tag-action@1.64.0,anothrNick,tag,action,4,4
dorny/paths-filter@v3,dorny,tag,action,2,4
marocchino/sticky-pull-request-comment@v2,marocchino,tag,action,1,4
astral-sh/setup-uv@08807647e7069bb48b6ef5acd8ec9567f424441b,astral-sh,sha,action,2,4
pnpm/action-setup@v4,pnpm,tag,action,1,4
eWaterCycle/setup-apptainer@main,eWaterCycle,branch,action,4,4
octokit/request-action@v2.x,octokit,tag,action,3,4
pietrobolcato/action-read-yaml@1.1.0,pietrobolcato,tag,action,4,4
conda-incubator/setup-miniconda@a4260408e20b96e80095f42ff7f1a15b27dd94ca,conda-incubator,sha,action,4,4
dorny/paths-filter@v2,dorny,tag,action,4,4
gradle/gradle-build-action@v2,gradle,tag,action,3,4
NuGet/setup-nuget@v1,NuGet,tag,action,2,4
nf-core/setup-nf-test@v1,nf-core,tag,action,3,4
astral-sh/setup-uv@d4b2f3b6ecc6e67c4457f6d3e41ec42d3d0fcb86,astral-sh,sha,action,3,4
Azure/functions-action@v1,Azure,tag,action,4,4
nf-core/setup-nf-test@4069fbbaabe94c08faba4ad261bfa88225ba133f,nf-core,sha,action,1,4
dorny/paths-filter@de90cc6fb38fc0963ad72b210f1f284cd68cea36,dorny,sha,action,1,4
GuillaumeFalourd/assert-command-line-output@2cd32f7751887b5ef1886521de68ea2ec3e2aee7,GuillaumeFalourd,sha,action,1,4
chetan/git-restore-mtime-action@bca85c11349c76b2dbac06d07edf6c2407dbab1e,chetan,sha,action,2,4
webfactory/ssh-agent@v0.9.0,webfactory,tag,action,1,4
softprops/action-gh-release@v2,softprops,tag,action,4,4
nf-core/setup-nextflow@b9f764e8ba5c76b712ace14ecbfcef0e40ae2dd8,nf-core,sha,action,1,3
peter-evans/create-or-update-comment@v4,peter-evans,tag,action,1,3
prefix-dev/setup-pixi@a0af7a228712d6121d37aba47adf55c1332c9c2e,prefix-dev,sha,action,2,3
rzr/fediverse-action@563159eb8d45f70ab6aaba36ed55cd037e51f441,rzr,sha,action,3,3
clowdhaus/terraform-composite-actions/pre-commit@v1.11.1,clowdhaus,tag,action,1,3
prefix-dev/setup-pixi@v0.9.6,prefix-dev,tag,action,1,3
databricks/setup-cli@main,databricks,branch,action,1,3
dependabot/fetch-metadata@v1.6.0,dependabot,tag,action,2,3
jwalton/gh-find-current-pr@v1,jwalton,tag,action,1,3
chrnorm/deployment-status@6df8d036fd2fee9eb82936733953da1f8382b41e,chrnorm,sha,action,2,3
nichmor/minimal-read-yaml@v0.0.2,nichmor,tag,action,3,3
r-lib/actions/setup-tinytex@v2,r-lib,tag,action,3,3
r-lib/actions/setup-r-dependencies@bd49c52ffe281809afa6f0fecbf37483c5dd0b93,r-lib,sha,action,3,3
datavisyn/github-workflows/.github/workflows/build-node-python.yml@new_deployment,datavisyn,branch,reusable_workflow,1,3
browserstack/github-actions/setup-env@5962ee78f5cf0647e9ff00026c3b98c307daa251,browserstack,sha,action,1,3
snok/install-poetry@v1,snok,tag,action,3,3
deepakputhraya/action-pr-title@master,deepakputhraya,branch,action,3,3
chrnorm/deployment-action@releases/v1,chrnorm,branch,action,3,3
TimonVS/pr-labeler-action@v4,TimonVS,tag,action,3,3
jakejarvis/cloudflare-purge-action@master,jakejarvis,branch,action,1,3
release-drafter/release-drafter@v6,release-drafter,tag,action,3,3
r-lib/actions/setup-r@bd49c52ffe281809afa6f0fecbf37483c5dd0b93,r-lib,sha,action,3,3
GetTerminus/terraform-pr-commenter@v3,GetTerminus,tag,action,1,3
cycjimmy/semantic-release-action@v4,cycjimmy,tag,action,3,3
conda-incubator/setup-miniconda@v3,conda-incubator,tag,action,2,3
clowdhaus/terraform-composite-actions/pre-commit@v1.9.0,clowdhaus,tag,action,1,3
dawidd6/action-download-artifact@bf251b5aa9c2f7eeb574a96ee720e24f801b7c11,dawidd6,sha,action,3,3
eWaterCycle/setup-singularity@931d4e31109e875b13309ae1d07c70ca8fbc8537,eWaterCycle,sha,action,3,3
stefanzweifel/git-auto-commit-action@v6,stefanzweifel,tag,action,3,3
cloudflare/wrangler-action@2.0.0,cloudflare,tag,action,2,3
getsentry/action-github-app-token@v2,getsentry,tag,action,2,3
andstor/file-existence-action@v3,andstor,tag,action,3,3
softprops/action-gh-release@v2,softprops,tag,action,2,3
stefanzweifel/git-auto-commit-action@v5,stefanzweifel,tag,action,2,3
r-lib/actions/setup-r@v2,r-lib,tag,action,3,3
timerring/actions-gh-pages@v5.0.0,timerring,tag,action,3,3
qoomon/actions--create-commit@v1.2.3,qoomon,tag,action,1,3
mikefarah/yq@8bf425b4d1344db7cd469a8d10a390876e0c77fd,mikefarah,sha,action,2,3
mikepenz/release-changelog-builder-action@v5,mikepenz,tag,action,3,3
Azure/functions-action@v1,Azure,tag,action,2,3
databricks/setup-cli@2260866f83a41a2df55e1cfe7ffe038b78325bf6,databricks,sha,action,1,3
tj-actions/changed-files@v47.0.5,tj-actions,tag,action,1,3
snowflakedb/snowflake-cli-action@9227851a83e3f8f05d097aba2cca8235f180834e,snowflakedb,sha,action,1,3
trufflesecurity/trufflehog@main,trufflesecurity,branch,action,1,3
tibdex/github-app-token@v1,tibdex,tag,action,1,3
dorny/paths-filter@v4.0.1,dorny,tag,action,1,3
fitbeard/action-trigger-awx@v22.7.0,fitbeard,tag,action,2,3
tj-actions/changed-files@v44,tj-actions,tag,action,3,3
snyk/actions/dotnet@master,snyk,branch,action,2,2
snyk/actions/node@master,snyk,branch,action,2,2
snyk/actions/golang@master,snyk,branch,action,2,2
snyk/actions/maven@master,snyk,branch,action,2,2
snyk/actions/gradle@master,snyk,branch,action,2,2
snyk/actions/python@master,snyk,branch,action,2,2
clowdhaus/terraform-min-max@v1.3.1,clowdhaus,tag,action,1,2
JamesIves/github-pages-deploy-action@v4.5.0,JamesIves,tag,action,2,2
pre-commit/action@v3.0.1,pre-commit,tag,action,2,2
adamrtalbot/detect-nf-test-changes@de3c3c8e113031b4f15a3c1104b5f135e8346997,adamrtalbot,sha,action,1,2
dawidd6/action-download-artifact@f6b0bace624032e30a85a8fd9c1a7f8f611f5737,dawidd6,sha,action,2,2
ruby/setup-ruby@8aeb6ff8030dd539317f8e1769a044873b56ea71,ruby,sha,action,1,2
tj-actions/changed-files@24d32ffd492484c1d75e0c0b894501ddb9d30d62,tj-actions,sha,action,1,2
tj-actions/changed-files@v42,tj-actions,tag,action,2,2
snyk/actions/docker@master,snyk,branch,action,2,2
snyk/actions/scala@master,snyk,branch,action,2,2
snyk/actions/ruby@master,snyk,branch,action,2,2
snyk/actions/iac@master,snyk,branch,action,2,2
astral-sh/setup-uv@1e862dfacbd1d6d858c55d9b792c756523627244,astral-sh,sha,action,2,2
astral-sh/setup-uv@v3,astral-sh,tag,action,2,2
crazy-max/ghaction-import-gpg@v6,crazy-max,tag,action,1,2
snyk/actions/cocoapods@master,snyk,branch,action,2,2
fitbeard/action-trigger-awx@v24.6.3,fitbeard,tag,action,1,2
dtolnay/rust-toolchain@29eef336d9b2848a0b548edc03f92a220660cdb8,dtolnay,sha,action,1,2
pre-commit/action@v3.0.0,pre-commit,tag,action,2,2
datavisyn/github-workflows/.github/workflows/release-source.yml@main,datavisyn,branch,reusable_workflow,2,2
pre-commit/action@v2.0.3,pre-commit,tag,action,1,2
mikepenz/gradle-dependency-submission@v0.8.6,mikepenz,tag,action,2,2
haythem/public-ip@v1.2,haythem,tag,action,1,2
EdisonLabs/sns-publish-workflow-status-action@v1,EdisonLabs,tag,action,1,2
astral-sh/setup-uv@cec208311dfd045dd5311c1add060b2062131d57,astral-sh,sha,action,2,2
pnpm/action-setup@b906affcce14559ad1aafd4ab0e942779e9f58b1,pnpm,sha,action,1,2
allenevans/set-env@v2.0.1,allenevans,tag,action,1,2
prefix-dev/setup-pixi@v0.8.8,prefix-dev,tag,action,2,2
pulumi/actions@v6,pulumi,tag,action,1,2
hoverkraft-tech/compose-action@v2.3.0,hoverkraft-tech,tag,action,2,2
terraform-docs/gh-actions@main,terraform-docs,branch,action,2,2
clowdhaus/terraform-min-max@v1.3.0,clowdhaus,tag,action,1,2
clowdhaus/terraform-composite-actions/directories@v1.9.0,clowdhaus,tag,action,2,2
nf-core/tower-action@v3,nf-core,tag,action,1,2
databricks/setup-cli@v0.296.1,databricks,tag,action,2,2
zentered/bluesky-post-action@v0.0.2,zentered,tag,action,2,2
stefanzweifel/git-auto-commit-action@v5,stefanzweifel,tag,action,2,2
extractions/setup-just@v1,extractions,tag,action,2,2
stefanzweifel/git-auto-commit-action@v7,stefanzweifel,tag,action,2,2
tvdias/github-tagger@v0.0.1,tvdias,tag,action,2,2
nrwl/nx-set-shas@v2,nrwl,tag,action,2,2
dorny/test-reporter@v1,dorny,tag,action,2,2
softprops/action-gh-release@26994186c0ac3ef5cae75ac16aa32e8153525f77,softprops,sha,action,1,2
abronin/ecr-retag-action@v1,abronin,tag,action,1,2
snyk/actions/python@master,snyk,branch,action,1,2
convictional/trigger-workflow-and-wait@v1.6.5,convictional,tag,action,1,2
volta-cli/action@v1,volta-cli,tag,action,1,2
chrnorm/deployment-action@500aa6a23c81ffa1acf71072aee3cfa2cc2e556a,chrnorm,sha,action,2,2
Mattraks/delete-workflow-runs@v2,Mattraks,tag,action,2,2
release-drafter/release-drafter@v5.25.0,release-drafter,tag,action,2,2
chrnorm/deployment-status@v2,chrnorm,tag,action,1,2
databricks/setup-cli@v0.299.2,databricks,tag,action,1,2
astral-sh/setup-uv@5a095e7a2014a4212f075830d4f7277575a9d098,astral-sh,sha,action,1,2
terraform-linters/setup-tflint@v4,terraform-linters,tag,action,2,2
aquasecurity/trivy-action@0.35.0,aquasecurity,tag,action,1,2
pnpm/action-setup@v4,pnpm,tag,action,1,2
astral-sh/setup-uv@caf0cab7a618c569241d31dcd442f54681755d39,astral-sh,sha,action,1,2
chartboost/ruff-action@v1,chartboost,tag,action,2,2
AButler/upload-release-assets@v2.0,AButler,tag,action,2,2
peter-evans/find-comment@3eae4d37986fb5a8592848f6a574fdf654e61f9e,peter-evans,sha,action,1,2
dorny/paths-filter@v3,dorny,tag,action,2,2
tj-actions/changed-files@24d32ffd492484c1d75e0c0b894501ddb9d30d62,tj-actions,sha,action,2,2
tj-actions/changed-files@2d756ea4c53f7f6b397767d8723b3a10a9f35bf2,tj-actions,sha,action,1,2
peter-evans/create-pull-request@v6,peter-evans,tag,action,1,2
peter-evans/find-comment@v3,peter-evans,tag,action,1,2
appany/helm-oci-chart-releaser@v0.4.2,appany,tag,action,1,2
eWaterCycle/setup-apptainer@v2,eWaterCycle,tag,action,2,2
toko-bifrost/ms-teams-deploy-card@3.1.2,toko-bifrost,tag,action,2,2
shogo82148/actions-setup-redis@v1.35.0,shogo82148,tag,action,1,2
prefix-dev/setup-pixi@v0.8.1,prefix-dev,tag,action,1,2
datavisyn/github-workflows/.github/workflows/build-push-helm-chart.yml@main,datavisyn,branch,reusable_workflow,1,2
datavisyn/github-workflows/.github/workflows/check-helm-chart-version.yml@main,datavisyn,branch,reusable_workflow,1,2
datavisyn/github-workflows/.github/workflows/build-node-python.yml@main,datavisyn,branch,reusable_workflow,1,2
zentered/bluesky-post-action@5a91cc2ad10a304a4e96c16182dbe4918710bcf6,zentered,sha,action,2,2
marocchino/sticky-pull-request-comment@70d2764d1a7d5d9560b100cbea0077fc8f633987,marocchino,sha,action,2,2
dawidd6/action-download-artifact@b6e2e70617bc3265edd6dab6c906732b2f1ae151,dawidd6,sha,action,2,2
goreleaser/goreleaser-action@v7,goreleaser,tag,action,1,2
terraform-linters/setup-tflint@v6,terraform-linters,tag,action,2,2
saulonunesdev/lerna-get-version-action@v1.0.4,saulonunesdev,tag,action,1,2
nick-fields/retry@ad984534de44a9489a53aefd81eb77f87c70dc60,nick-fields,sha,action,2,2
planetscale/ghcommit-action@v0.2.20,planetscale,tag,action,1,2
octokit/request-action@v2.x,octokit,tag,action,1,2
crazy-max/ghaction-import-gpg@v3,crazy-max,tag,action,2,2
peter-evans/create-pull-request@v3,peter-evans,tag,action,2,2
Slashgear/action-check-pr-title@v4.3.0,Slashgear,tag,action,2,2
peter-evans/find-comment@v2,peter-evans,tag,action,1,2
LouisBrunner/checks-action@v1.5.0,LouisBrunner,tag,action,1,2
deblockt/cucumber-report-annotations-action@v1.20,deblockt,tag,action,1,2
regclient/actions/regctl-login@main,regclient,branch,action,2,2
Azure/setup-kubectl@v2.1,Azure,tag,action,2,2
flowwer-dev/pull-request-stats@master,flowwer-dev,branch,action,2,2
regclient/actions/regctl-installer@main,regclient,branch,action,2,2
dorny/paths-filter@de90cc6fb38fc0963ad72b210f1f284cd68cea36,dorny,sha,action,2,2
amannn/action-semantic-pull-request@v5,amannn,tag,action,1,2
peter-murray/workflow-application-token-action@8e1ba3bf1619726336414f1014e37f17fbadf1db,peter-murray,sha,action,2,2
nick-fields/retry@v3.0.0,nick-fields,tag,action,2,2
Azure/static-web-apps-deploy@v1,Azure,tag,action,1,2
r-lib/actions/setup-pandoc@v2,r-lib,tag,action,2,2
bibipkins/dotnet-test-reporter@v1.4.0,bibipkins,tag,action,2,2
srvaroa/labeler@master,srvaroa,branch,action,2,2
distributhor/workflow-webhook@v2,distributhor,tag,action,1,2
s4u/setup-maven-action@ba34de01b7f4ba2ab8e2860df8993a29f4477056,s4u,sha,action,1,2
forwardimpact/fit-benchmark@v1,forwardimpact,tag,action,1,2
chambm/softfix@v2,chambm,tag,action,2,2
cirrus-actions/rebase@1.7,cirrus-actions,tag,action,2,2
geekyeggo/delete-artifact@v6,geekyeggo,tag,action,2,2
Seagen/tops-data-science/.github/workflows/docker-build-push-gcp.yml@development,Seagen,branch,reusable_workflow,2,2
peter-evans/create-pull-request@v5,peter-evans,tag,action,1,2
peter-murray/workflow-application-token-action@8e1ba3bf1619726336414f1014e37f17fbadf1db,peter-murray,sha,action,2,2
Seagen/actions/.github/workflows/maintenance.yml@main,Seagen,branch,reusable_workflow,2,2
pnpm/action-setup@v4,pnpm,tag,action,2,2
ambilykk/dependabot-alert-export@v1.0,ambilykk,tag,action,2,2
getsentry/action-release@v1,getsentry,tag,action,1,2
heartexlabs/label-studio/.github/workflows/build_pypi.yml@develop,heartexlabs,branch,reusable_workflow,1,2
SimenB/github-actions-cpu-cores@v1,SimenB,tag,action,2,2
chambm/github-action-cherry-pick@0.1.0,chambm,tag,action,2,2
khan/pull-request-comment-trigger@master,khan,branch,action,2,2
chambm/gh-backport-action@master,chambm,branch,action,2,2
anothrNick/github-tag-action@1.64.0,anothrNick,tag,action,2,2
EnricoMi/publish-unit-test-result-action@v2,EnricoMi,tag,action,1,2
pnpm/action-setup@v2,pnpm,tag,action,1,2
astral-sh/setup-uv@v8.1.0,astral-sh,tag,action,2,2
goreleaser/goreleaser-action@v6,goreleaser,tag,action,2,2
astral-sh/setup-uv@v7,astral-sh,tag,action,2,2
jdcargile/ms-teams-notification@v1.3,jdcargile,tag,action,1,2
technote-space/package-version-check-action@v1,technote-space,tag,action,2,2
tj-actions/changed-files@v44,tj-actions,tag,action,1,2
step-security/changed-files@v45,step-security,tag,action,1,2
kong/setup-inso@v2,kong,tag,action,1,2
dorny/paths-filter@v2.11.1,dorny,tag,action,1,2
hadolint/hadolint-action@v3.3.0,hadolint,tag,action,2,2
cloudflare/wrangler-action@v3.14.1,cloudflare,tag,action,2,2
peter-evans/create-pull-request@5f6978faf089d4d20b00c7766989d076bb2fc7f1,peter-evans,sha,action,1,2
astral-sh/setup-uv@v6,astral-sh,tag,action,1,2
AndreasAugustin/actions-template-sync@v2,AndreasAugustin,tag,action,2,2
dorny/paths-filter@de90cc6fb38fc0963ad72b210f1f284cd68cea36,dorny,sha,action,1,2
oven-sh/setup-bun@v2,oven-sh,tag,action,2,2
rapid7/insightcloudsec-actions@v1.0.1,rapid7,tag,action,1,2
stefanzweifel/git-auto-commit-action@v4,stefanzweifel,tag,action,2,2
luiz-albertoni/action-json-table-format-validation@v1.2,luiz-albertoni,tag,action,1,2
geekyeggo/delete-artifact@176a747ab7e287e3ff4787bf8a148716375ca118,geekyeggo,sha,action,1,2
snyk/actions/python-3.9@master,snyk,branch,action,1,2
snyk/actions/docker@master,snyk,branch,action,1,2
batista/lint-filenames@v1.0.1,batista,tag,action,1,2
jwalton/gh-find-current-pr@f3d61b485d2801773f7a07b2aaa3306bd8f8e653,jwalton,sha,action,1,2
marocchino/sticky-pull-request-comment@0ea0beb66eb9baf113663a64ec522f60e49231c0,marocchino,sha,action,1,2
Seagen/tops-data-science/.github/workflows/terraform-plan-apply.yml@main,Seagen,branch,reusable_workflow,1,1
Azure/static-web-apps-deploy@v1,Azure,tag,action,1,1
tj-actions/eslint-changed-files@v21,tj-actions,tag,action,1,1
Seagen/tops-data-science/.github/workflows/workspace-environment.yml@main,Seagen,branch,reusable_workflow,1,1
GuillaumeFalourd/clone-github-repo-action@v2.1,GuillaumeFalourd,tag,action,1,1
peaceiris/actions-gh-pages@v3,peaceiris,tag,action,1,1
peter-evans/slash-command-dispatch@v3,peter-evans,tag,action,1,1
gitleaks/gitleaks-action@ff98106e4c7b2bc287b24eaf42907196329070c7,gitleaks,sha,action,1,1
rickstaa/action-create-tag@v1,rickstaa,tag,action,1,1
dawidd6/action-send-mail@v3,dawidd6,tag,action,1,1
SonarSource/sonarqube-scan-action@v6.0.0,SonarSource,tag,action,1,1
gitleaks/gitleaks-action@v2,gitleaks,tag,action,1,1
astral-sh/setup-uv@v7,astral-sh,tag,action,1,1
juliangruber/sleep-action@v2.0.0,juliangruber,tag,action,1,1
webfactory/ssh-agent@v0.5.4,webfactory,tag,action,1,1
fjogeleit/http-request-action@v1,fjogeleit,tag,action,1,1
cypress-io/github-action@v4,cypress-io,tag,action,1,1
jfrog/setup-jfrog-cli@v3,jfrog,tag,action,1,1
cycjimmy/semantic-release-action@v3,cycjimmy,tag,action,1,1
DavidAnson/markdownlint-cli2-action@v7,DavidAnson,tag,action,1,1
mikepenz/release-changelog-builder-action@v3,mikepenz,tag,action,1,1
peter-evans/create-or-update-comment@71345be0265236311c031f5c7866368bd1eff043,peter-evans,sha,action,1,1
fischerscode/tagger@v0.2,fischerscode,tag,action,1,1
gradle/gradle-build-action@v2,gradle,tag,action,1,1
aquasecurity/trivy-action@master,aquasecurity,branch,action,1,1
pnpm/action-setup@v3,pnpm,tag,action,1,1
SonarSource/sonarqube-quality-gate-action@v1,SonarSource,tag,action,1,1
conda-incubator/setup-miniconda@v3,conda-incubator,tag,action,1,1
timerring/actions-gh-pages@e47f7a6802418fb6074655ca670367acd945a2df,timerring,sha,action,1,1
dorny/paths-filter@de90cc6fb38fc0963ad72b210f1f284cd68cea36,dorny,sha,action,1,1
mshick/add-pr-comment@v1,mshick,tag,action,1,1
crazy-max/ghaction-import-gpg@e89d40939c28e39f97cf32126055eeae86ba74ec,crazy-max,sha,action,1,1
browser-actions/setup-firefox@v1,browser-actions,tag,action,1,1
browser-actions/setup-geckodriver@latest,browser-actions,branch,action,1,1
softprops/action-gh-release@v1,softprops,tag,action,1,1
tj-actions/changed-files@v41,tj-actions,tag,action,1,1
r-lib/actions/setup-renv@v2,r-lib,tag,action,1,1
snok/install-poetry@v1,snok,tag,action,1,1
browser-actions/setup-chrome@v1,browser-actions,tag,action,1,1
ruby/setup-ruby@4a9ddd6f338a97768b8006bf671dfbad383215f4,ruby,sha,action,1,1
ludeeus/action-shellcheck@master,ludeeus,branch,action,1,1
psf/black@24.1.1,psf,tag,action,1,1
r-lib/actions/setup-r@v2,r-lib,tag,action,1,1
dawidd6/action-send-mail@v3,dawidd6,tag,action,1,1
pelikhan/action-genai-commentor@v0,pelikhan,tag,action,1,1
peter-evans/create-pull-request@v7,peter-evans,tag,action,1,1
isort/isort-action@v1,isort,tag,action,1,1
py-actions/flake8@v2,py-actions,tag,action,1,1
peaceiris/actions-gh-pages@4f9cc6602d3f66b9c108549d475ec49e8ef4d45e,peaceiris,sha,action,1,1
peter-evans/create-pull-request@v6,peter-evans,tag,action,1,1
SonarSource/sonarqube-scan-action@v2,SonarSource,tag,action,1,1
SonarSource/sonarqube-scan-action@a31c9398be7ace6bbfaf30c0bd5d415f843d45e9,SonarSource,sha,action,1,1
SonarSource/sonarqube-scan-action@v6,SonarSource,tag,action,1,1
ambilykk/dependabot-alert-export@v1.0,ambilykk,tag,action,1,1
imjasonh/setup-crane@31b88efe9de28ae0ffa220711af4b60be9435f6e,imjasonh,sha,action,1,1
bridgecrewio/checkov-action@v12,bridgecrewio,tag,action,1,1
oasdiff/oasdiff-action/diff@65fef71494258f00f911d7a71edb0482c5378899,oasdiff,sha,action,1,1
abinoda/label-when-approved-action@master,abinoda,branch,action,1,1
deliverybot/helm@v1,deliverybot,tag,action,1,1
softprops/action-gh-release@v1,softprops,tag,action,1,1
borchero/terraform-plan-comment@v1,borchero,tag,action,1,1
ncipollo/release-action@3f844db37a70d68b70e6d0792b900d0bad440a04,ncipollo,sha,action,1,1
ncipollo/release-action@a8bcd956fb63e2672c1e57eafb1accf4eaa68c31,ncipollo,sha,action,1,1
aglipanci/laravel-pint-action@2.4,aglipanci,tag,action,1,1
astral-sh/setup-uv@v5,astral-sh,tag,action,1,1
mr-smithers-excellent/docker-build-push@v6,mr-smithers-excellent,tag,action,1,1
fjogeleit/http-request-action@v1,fjogeleit,tag,action,1,1
TobKed/label-when-approved-action@v1.2,TobKed,tag,action,1,1
EndBug/add-and-commit@v9,EndBug,tag,action,1,1
snyk/actions/iac@master,snyk,branch,action,1,1
terraform-linters/setup-tflint@v3,terraform-linters,tag,action,1,1
Wandalen/wretry.action@e68c23e6309f2871ca8ae4763e7629b9c258e1ea,Wandalen,sha,action,1,1
DamianReeves/write-file-action@6929a9a6d1807689191dcc8bbe62b54d70a32b42,DamianReeves,sha,action,1,1
juliangruber/approve-pull-request-action@68fcc9a5a73b5641cadf757cf99d73720dcb05d0,juliangruber,sha,action,1,1
tj-actions/changed-files@9426d40962ed5378910ee2e21d5f8c6fcbf2dd96,tj-actions,sha,action,1,1
ramsey/composer-install@v3,ramsey,tag,action,1,1
golangci/golangci-lint-action@v6,golangci,tag,action,1,1
WyriHaximus/github-action-wait-for-status@v1.7,WyriHaximus,tag,action,1,1
sourcetoad/aws-codedeploy-action@v1,sourcetoad,tag,action,1,1
securego/gosec@master,securego,branch,action,1,1
oven-sh/setup-bun@v2.0.2,oven-sh,tag,action,1,1
tj-actions/changed-files@v37,tj-actions,tag,action,1,1
dorny/test-reporter@v1,dorny,tag,action,1,1
winstxnhdw/actions/.github/workflows/format-bun.yml@main,winstxnhdw,branch,reusable_workflow,1,1
winstxnhdw/actions/.github/workflows/bun.yml@main,winstxnhdw,branch,reusable_workflow,1,1
Codium-ai/pr-agent@main,Codium-ai,branch,action,1,1
release-drafter/release-drafter@v6.2.0,release-drafter,tag,action,1,1
release-drafter/release-drafter@v5.24.0,release-drafter,tag,action,1,1
anothrNick/github-tag-action@1.70.0,anothrNick,tag,action,1,1
terraform-linters/setup-tflint@19a52fbac37dacb22a09518e4ef6ee234f2d4987,terraform-linters,sha,action,1,1
webfactory/ssh-agent@v0.5.3,webfactory,tag,action,1,1
WyriHaximus/github-action-wait-for-status@v1.1.0,WyriHaximus,tag,action,1,1
aquasecurity/tfsec-action@b466648d6e39e7c75324f25d83891162a721f2d6,aquasecurity,sha,action,1,1
stCarolas/setup-maven@v4.5,stCarolas,tag,action,1,1
anothrNick/github-tag-action@1.36.0,anothrNick,tag,action,1,1
tj-actions/verify-changed-files@cedd7096b7f23ae0307d7d82f516d666580579b3,tj-actions,sha,action,1,1
juliangruber/approve-pull-request-action@v1.1.1,juliangruber,tag,action,1,1
release-drafter/release-drafter@v7.3.0,release-drafter,tag,action,1,1
chrnorm/deployment-action@v2.0.7,chrnorm,tag,action,1,1
pascalgn/automerge-action@v0.15.3,pascalgn,tag,action,1,1
freenet-actions/ms-teams-deploy-card@master,freenet-actions,branch,action,1,1
WyriHaximus/github-action-wait-for-status@v1.12.0,WyriHaximus,tag,action,1,1
nanzm/get-time-action@v1.1,nanzm,tag,action,1,1
morrisoncole/pr-lint-action@v1.6.0,morrisoncole,tag,action,1,1
astral-sh/setup-uv@6b9c6063abd6010835644d4c2e1bef4cf5cd0fca,astral-sh,sha,action,1,1
step-security/changed-files@v45,step-security,tag,action,1,1
oasdiff/oasdiff-action/changelog@65fef71494258f00f911d7a71edb0482c5378899,oasdiff,sha,action,1,1
oasdiff/oasdiff-action/breaking@65fef71494258f00f911d7a71edb0482c5378899,oasdiff,sha,action,1,1
stefanzweifel/git-auto-commit-action@v4,stefanzweifel,tag,action,1,1
trstringer/manual-approval@74d99dff7380e3e4b122d4ededcbca2b6ce59367,trstringer,sha,action,1,1
amannn/action-semantic-pull-request@0723387faaf9b38adef4775cd42cfd5155ed6017,amannn,sha,action,1,1
phips28/gh-action-bump-version@master,phips28,branch,action,1,1
mickem/clean-after-action@v1,mickem,tag,action,1,1
xom9ikk/dotenv@ac290ca23a42155a0cba1031d23afa46240116a9,xom9ikk,sha,action,1,1
ad-m/github-push-action@feature/hcp-monorepo,ad-m,branch,action,1,1
tj-actions/changed-files@v34,tj-actions,tag,action,1,1
WyriHaximus/github-action-wait-for-status@v1.8,WyriHaximus,tag,action,1,1
tj-actions/changed-files@v45,tj-actions,tag,action,1,1
EndBug/add-and-commit@v7,EndBug,tag,action,1,1
jakejarvis/s3-sync-action@v0.5.1,jakejarvis,tag,action,1,1
muratiger/invalidate-cloudfront-and-wait-for-completion-action@master,muratiger,branch,action,1,1
rhysd/action-setup-vim@v1,rhysd,tag,action,1,1
haya14busa/action-bumpr@v1,haya14busa,tag,action,1,1
peter-evans/create-pull-request@v7,peter-evans,tag,action,1,1
thenabeel/action-phpcs@v8,thenabeel,tag,action,1,1
heinrichreimer/github-changelog-generator-action@v2.2,heinrichreimer,tag,action,1,1
stefanzweifel/git-auto-commit-action@v4,stefanzweifel,tag,action,1,1
crazy-max/ghaction-github-labeler@v6.0.0,crazy-max,tag,action,1,1
morrisoncole/pr-lint-action@v1.6.1,morrisoncole,tag,action,1,1
morrisoncole/pr-lint-action@v1.7.0,morrisoncole,tag,action,1,1
peter-evans/repository-dispatch@v1,peter-evans,tag,action,1,1
technote-space/create-pr-action@v2,technote-space,tag,action,1,1
heartexlabs/label-studio/.github/workflows/docker-release-promote.yml@develop,heartexlabs,branch,reusable_workflow,1,1
ansible/ansible-content-actions/.github/workflows/ansible_lint.yaml@main,ansible,branch,reusable_workflow,1,1
kodermax/kubectl-aws-eks@1.1.0,kodermax,tag,action,1,1
SonarSource/sonarcloud-github-c-cpp@44cc4d3d487fbc35e5c29b0a9d717be218d3a0e8,SonarSource,sha,action,1,1
pre-commit/action@v3.0.1,pre-commit,tag,action,1,1
peter-evans/create-pull-request@c0f553fe549906ede9cf27b5156039d195d2ece0,peter-evans,sha,action,1,1
dorny/paths-filter@v3,dorny,tag,action,1,1
planetscale/ghcommit-action@v0.1.6,planetscale,tag,action,1,1
benc-uk/workflow-dispatch@v1,benc-uk,tag,action,1,1
paulhatch/semantic-version@v5.4.0,paulhatch,tag,action,1,1
goreleaser/goreleaser-action@v6,goreleaser,tag,action,1,1
browser-actions/setup-firefox@v1,browser-actions,tag,action,1,1
browser-actions/setup-chrome@v1,browser-actions,tag,action,1,1
ncipollo/release-action@v1.18.0,ncipollo,tag,action,1,1
snyk/actions/python@master,snyk,branch,action,1,1
snyk/actions/node@master,snyk,branch,action,1,1
snyk/actions/maven@master,snyk,branch,action,1,1
snyk/actions/docker@master,snyk,branch,action,1,1
snyk/actions/scala@master,snyk,branch,action,1,1
snyk/actions/ruby@master,snyk,branch,action,1,1
snyk/actions/gradle@master,snyk,branch,action,1,1
Infisical/secrets-action@v1.0.9,Infisical,tag,action,1,1
softprops/action-gh-release@v2,softprops,tag,action,1,1
ludeeus/action-shellcheck@master,ludeeus,branch,action,1,1
snyk/actions/golang@master,snyk,branch,action,1,1
snyk/actions/dotnet@master,snyk,branch,action,1,1
snyk/actions/cocoapods@master,snyk,branch,action,1,1
DamianReeves/write-file-action@6929a9a6d1807689191dcc8bbe62b54d70a32b42,DamianReeves,sha,action,1,1
databricks/setup-cli@v0.299.0,databricks,tag,action,1,1
stefanzweifel/git-auto-commit-action@v4,stefanzweifel,tag,action,1,1
julia-actions/setup-julia@v1,julia-actions,tag,action,1,1
cachix/install-nix-action@v15,cachix,tag,action,1,1
docker-practice/actions-setup-docker@master,docker-practice,branch,action,1,1
softprops/action-gh-release@a06a81a7e201492e0860981777eebb9f4e35d8ca,softprops,sha,action,1,1
julia-actions/setup-julia@latest,julia-actions,branch,action,1,1
trilom/file-changes-action@v1.2.4,trilom,tag,action,1,1
release-drafter/release-drafter@v5,release-drafter,tag,action,1,1
mamba-org/setup-micromamba@v1,mamba-org,tag,action,1,1
JuliaRegistries/TagBot@v1,JuliaRegistries,tag,action,1,1
Jtalk/setup-sbt@v2.0.0,Jtalk,tag,action,1,1
r-lib/actions/setup-renv@v2,r-lib,tag,action,1,1
tj-actions/changed-files@v31.0.3,tj-actions,tag,action,1,1
amannn/action-semantic-pull-request@v4,amannn,tag,action,1,1
anothrNick/github-tag-action@1.39.0,anothrNick,tag,action,1,1
gradle/actions/setup-gradle@v3,gradle,tag,action,1,1
gradle/actions/setup-gradle@v4,gradle,tag,action,1,1
rapid7/insightcloudsec-actions@v2.0.0,rapid7,tag,action,1,1
peter-evans/create-pull-request@v3,peter-evans,tag,action,1,1
gradle/actions/setup-gradle@v4,gradle,tag,action,1,1
unfor19/install-aws-cli-action@v1,unfor19,tag,action,1,1
gradle/wrapper-validation-action@e6e38bacfdf1a337459f332974bb2327a31aaf4b,gradle,sha,action,1,1
crazy-max/ghaction-import-gpg@v3,crazy-max,tag,action,1,1
pascalgn/automerge-action@v0.14.3,pascalgn,tag,action,1,1
hmarr/auto-approve-action@v2,hmarr,tag,action,1,1
EnricoMi/publish-unit-test-result-action/linux@v2,EnricoMi,tag,action,1,1
fischerscode/tagger@v0.2,fischerscode,tag,action,1,1
kyverno/action-install-cli@v0.2.0,kyverno,tag,action,1,1
danielpalme/ReportGenerator-GitHub-Action@v5.3.11,danielpalme,tag,action,1,1
fluxcd/flux2/action@main,fluxcd,branch,action,1,1
gradle/actions/setup-gradle@af1da67850ed9a4cedd57bfd976089dd991e2582,gradle,sha,action,1,1
dorny/paths-filter@v3,dorny,tag,action,1,1
pnpm/action-setup@v6,pnpm,tag,action,1,1
release-drafter/release-drafter@v5,release-drafter,tag,action,1,1
srvaroa/labeler@master,srvaroa,branch,action,1,1
unfor19/install-aws-cli-action@v1,unfor19,tag,action,1,1
softprops/action-gh-release@v3,softprops,tag,action,1,1
buildpacks/github-actions/setup-pack@v5.10.0,buildpacks,tag,action,1,1
GuillaumeFalourd/clone-github-repo-action@v2.1,GuillaumeFalourd,tag,action,1,1
mukunku/tag-exists-action@v1.4.0,mukunku,tag,action,1,1
imjasonh/setup-crane@v0.1,imjasonh,tag,action,1,1
pozil/auto-assign-issue@v1,pozil,tag,action,1,1
anishathalye/proof-html@v1.1.0,anishathalye,tag,action,1,1
tibdex/github-app-token@v2,tibdex,tag,action,1,1
fischerscode/tagger@v0.1,fischerscode,tag,action,1,1
haya14busa/action-cond@v1,haya14busa,tag,action,1,1
dcarbone/install-jq-action@v2.1.0,dcarbone,tag,action,1,1
threeal/setup-yarn-action@v2.0.0,threeal,tag,action,1,1
dev-hanz-ops/install-gh-cli-action@v0.1.0,dev-hanz-ops,tag,action,1,1
danielpalme/ReportGenerator-GitHub-Action@5.2.4,danielpalme,tag,action,1,1
5monkeys/cobertura-action@master,5monkeys,branch,action,1,1
anothrNick/github-tag-action@1.64.0,anothrNick,tag,action,1,1
peter-evans/create-pull-request@v6,peter-evans,tag,action,1,1
NuGet/setup-nuget@v1.0.5,NuGet,tag,action,1,1
anchore/sbom-action@v0,anchore,tag,action,1,1
peter-evans/create-or-update-comment@v5,peter-evans,tag,action,1,1
dependabot/fetch-metadata@v3,dependabot,tag,action,1,1
release-drafter/release-drafter@v5,release-drafter,tag,action,1,1
aquasecurity/trivy-action@0.35.0,aquasecurity,tag,action,1,1
r-lib/actions/setup-r-dependencies@v2,r-lib,tag,action,1,1
stCarolas/setup-maven@d6af6abeda15e98926a57b5aa970a96bb37f97d1,stCarolas,sha,action,1,1
snyk/actions/iac@master,snyk,branch,action,1,1
wagoid/commitlint-github-action@v6,wagoid,tag,action,1,1
dorny/paths-filter@v3,dorny,tag,action,1,1
JamesIves/github-pages-deploy-action@4.1.4,JamesIves,tag,action,1,1
astral-sh/setup-uv@v3,astral-sh,tag,action,1,1
astral-sh/setup-uv@v6,astral-sh,tag,action,1,1
Swatinem/rust-cache@v2,Swatinem,tag,action,1,1
browserstack/github-actions/setup-local@master,browserstack,branch,action,1,1
browserstack/github-actions/setup-env@master,browserstack,branch,action,1,1
Mattraks/delete-workflow-runs@v2,Mattraks,tag,action,1,1
actions-rust-lang/setup-rust-toolchain@v1,actions-rust-lang,tag,action,1,1
apple-actions/import-codesign-certs@v3,apple-actions,tag,action,1,1
DavidAnson/markdownlint-cli2-action@v19,DavidAnson,tag,action,1,1
release-drafter/release-drafter@v6,release-drafter,tag,action,1,1
tauri-apps/tauri-action@v0,tauri-apps,tag,action,1,1
swatinem/rust-cache@v2,swatinem,tag,action,1,1
dtolnay/rust-toolchain@stable,dtolnay,branch,action,1,1
gradle/actions/setup-gradle@af1da67850ed9a4cedd57bfd976089dd991e2582,gradle,sha,action,1,1
fluxcd/flux2/action@main,fluxcd,branch,action,1,1
danielpalme/ReportGenerator-GitHub-Action@v5.3.11,danielpalme,tag,action,1,1
anishathalye/proof-html@v1.1.0,anishathalye,tag,action,1,1
pozil/auto-assign-issue@v1,pozil,tag,action,1,1
EnricoMi/publish-unit-test-result-action/linux@v2,EnricoMi,tag,action,1,1
regclient/actions/regctl-login@main,regclient,branch,action,1,1
aquasecurity/tfsec-action@v1.0.0,aquasecurity,tag,action,1,1
secret-scanner/action@0.0.2,secret-scanner,tag,action,1,1
terraform-docs/gh-actions@v1.3.0,terraform-docs,tag,action,1,1
regclient/actions/regctl-installer@main,regclient,branch,action,1,1
unfor19/install-aws-cli-action@v1,unfor19,tag,action,1,1
terraform-linters/setup-tflint@v4,terraform-linters,tag,action,1,1
appleboy/ssh-action@v1.0.0,appleboy,tag,action,1,1
lycheeverse/lychee-action@v2,lycheeverse,tag,action,1,1
veracode/veracode-uploadandscan-action@master,veracode,branch,action,1,1
pcolby/tap-summary@v1,pcolby,tag,action,1,1
mikepenz/action-junit-report@v3,mikepenz,tag,action,1,1
prefix-dev/setup-pixi@v0.8.0,prefix-dev,tag,action,1,1
mshick/add-pr-comment@v2,mshick,tag,action,1,1
jfrog/setup-jfrog-cli@v4,jfrog,tag,action,1,1
JamesIves/github-pages-deploy-action@v4.6.0,JamesIves,tag,action,1,1
peter-evans/create-pull-request@v6,peter-evans,tag,action,1,1
eWaterCycle/setup-singularity@v7,eWaterCycle,tag,action,1,1
dawidd6/action-download-artifact@v3,dawidd6,tag,action,1,1
zentered/bluesky-post-action@v0.1.0,zentered,tag,action,1,1
GetTerminus/terraform-pr-commenter@v3,GetTerminus,tag,action,1,1
heartexlabs/label-studio/.github/workflows/pr-labeler.yml@develop,heartexlabs,branch,reusable_workflow,1,1
heartexlabs/label-studio/.github/workflows/submodules-validator.yml@develop,heartexlabs,branch,reusable_workflow,1,1
heartexlabs/label-studio/.github/workflows/gitleaks.yml@develop,heartexlabs,branch,reusable_workflow,1,1
dawidd6/action-download-artifact@09385b76de790122f4da9c82b17bccf858b9557c,dawidd6,sha,action,1,1
scacap/action-surefire-report@482f012643ed0560e23ef605a79e8e87ca081648,scacap,sha,action,1,1
dorny/paths-filter@v2,dorny,tag,action,1,1
heartexlabs/label-studio/.github/workflows/bandit.yml@develop,heartexlabs,branch,reusable_workflow,1,1
slackapi/slack-github-action@v1.22,slackapi,tag,action,1,1
thehanimo/pr-title-checker@v1.3.4,thehanimo,tag,action,1,1
release-drafter/release-drafter@v5.21.0,release-drafter,tag,action,1,1
heartexlabs/label-studio/.github/workflows/frontend-build.yml@develop,heartexlabs,branch,reusable_workflow,1,1
heartexlabs/label-studio/.github/workflows/docker-build.yml@develop,heartexlabs,branch,reusable_workflow,1,1
heartexlabs/label-studio/.github/workflows/tests.yml@develop,heartexlabs,branch,reusable_workflow,1,1
imjasonh/setup-crane@v0.1,imjasonh,tag,action,1,1
mukunku/tag-exists-action@v1.4.0,mukunku,tag,action,1,1
tj-actions/changed-files@v18,tj-actions,tag,action,1,1
dart-lang/setup-dart@9a04e6d73cca37bd455e0608d7e5092f881fd603,dart-lang,sha,action,1,1
cycjimmy/semantic-release-action@v4,cycjimmy,tag,action,1,1
SonarSource/sonarqube-scan-action@v6.0.0,SonarSource,tag,action,1,1
dorny/test-reporter@v1.6.0,dorny,tag,action,1,1
bufbuild/buf-breaking-action@v1,bufbuild,tag,action,1,1
r-lib/actions/setup-r@v2,r-lib,tag,action,1,1
potiuk/cancel-workflow-runs@4723494a065d162f8e9efd071b98e0126e00f866,potiuk,sha,action,1,1
peaceiris/actions-gh-pages@v4,peaceiris,tag,action,1,1
bufbuild/buf-setup-action@v1,bufbuild,tag,action,1,1
bufbuild/buf-lint-action@v1,bufbuild,tag,action,1,1
devcontainers/ci@v0.3,devcontainers,tag,action,1,1
dawidd6/action-download-artifact@4c1e823582f43b179e2cbb49c3eade4e41f992e2,dawidd6,sha,action,1,1
zentered/bluesky-post-action@4aa83560bb3eac05dbad1e5f221ee339118abdd2,zentered,sha,action,1,1
tj-actions/changed-files@v46,tj-actions,tag,action,1,1
qoomon/actions--create-commit@v1,qoomon,tag,action,1,1
hadolint/hadolint-action@2332a7b74a6de0dda2e2221d575162eba76ba5e5,hadolint,sha,action,1,1
softprops/action-gh-release@72f2c25fcb47643c292f7107632f7a47c1df5cd8,softprops,sha,action,1,1
devcontainers/ci@b63b30de439b47a52267f241112c5b453b673db5,devcontainers,sha,action,1,1
eWaterCycle/setup-apptainer@3f706d898c9db585b1d741b4692e66755f3a1b40,eWaterCycle,sha,action,1,1
peaceiris/actions-hugo@75d2e84710de30f6ff7268e08f310b60ef14033f,peaceiris,sha,action,1,1
dessant/lock-threads@v5,dessant,tag,action,1,1
amannn/action-semantic-pull-request@v5.5.3,amannn,tag,action,1,1
nick-fields/retry@ad984534de44a9489a53aefd81eb77f87c70dc60,nick-fields,sha,action,1,1
buildjet/setup-node@v4,buildjet,tag,action,1,1
pulumi/actions@v5,pulumi,tag,action,1,1
codespell-project/actions-codespell@v2,codespell-project,tag,action,1,1
hoverkraft-tech/compose-action@v2.6.0,hoverkraft-tech,tag,action,1,1
databricks/setup-cli@v0.276.0,databricks,tag,action,1,1
peter-evans/create-pull-request@c5a7806660adbe173f04e3e038b0ccdcd758773c,peter-evans,sha,action,1,1
sudo-bot/action-docker-compose@latest,sudo-bot,branch,action,1,1
dawidd6/action-download-artifact@20319c5641d495c8a52e688b7dc5fada6c3a9fbc,dawidd6,sha,action,1,1
peaceiris/actions-gh-pages@4f9cc6602d3f66b9c108549d475ec49e8ef4d45e,peaceiris,sha,action,1,1
tj-actions/changed-files@v45,tj-actions,tag,action,1,1
dawidd6/action-download-artifact@09f2f74827fd3a8607589e5ad7f9398816f540fe,dawidd6,sha,action,1,1
tj-actions/changed-files@v44,tj-actions,tag,action,1,1
extractions/setup-just@v2,extractions,tag,action,1,1
ikalnytskyi/action-setup-postgres@v4,ikalnytskyi,tag,action,1,1
quarto-dev/quarto-actions/render@8a96df13519ee81fd526f2dfca5962811136661b,quarto-dev,sha,action,1,1
nogsantos/ssh-scp-deploy@48b9ca0b1adcb229b1568eebda8e16e06436495a,nogsantos,sha,action,1,1
appleboy/ssh-action@0ff4204d59e8e51228ff73bce53f80d53301dee2,appleboy,sha,action,1,1
rzr/fediverse-action@66c2cbb5b1997666b0e28d597631b6a4f09a2719,rzr,sha,action,1,1
gitleaks/gitleaks-action@v2,gitleaks,tag,action,1,1
quarto-dev/quarto-actions/setup@8a96df13519ee81fd526f2dfca5962811136661b,quarto-dev,sha,action,1,1
dequelabs/axe-linter-action@v1,dequelabs,tag,action,1,1
oven-sh/setup-bun@v2,oven-sh,tag,action,1,1
peter-evans/find-comment@b30e6a3c0ed37e7c023ccd3f1db5c6c0b0c23aad,peter-evans,sha,action,1,1
peter-evans/find-comment@3eae4d37986fb5a8592848f6a574fdf654e61f9e,peter-evans,sha,action,1,1
shimataro/ssh-key-action@v2,shimataro,tag,action,1,1
supabase/embeddings-generator@v0.0.5,supabase,tag,action,1,1
locize/download@v2,locize,tag,action,1,1
renovatebot/github-action@b67590ea780158ccd13192c22a3655a5231f869d,renovatebot,sha,action,1,1
datavisyn/github-workflows/.github/workflows/build-docker-artifacts.yml@main,datavisyn,branch,reusable_workflow,1,1
datavisyn/github-workflows/.github/workflows/release-post-merge.yml@main,datavisyn,branch,reusable_workflow,1,1
crazy-max/ghaction-github-labeler@v4,crazy-max,tag,action,1,1
pre-commit/action@2c7b3805fd2a0fd8c1884dcaebf91fc102a13ecd,pre-commit,sha,action,1,1
conda-incubator/setup-miniconda@505e6394dae86d6a5c7fbb6e3fb8938e3e863830,conda-incubator,sha,action,1,1
dependabot/fetch-metadata@v2,dependabot,tag,action,1,1
keithweaver/aws-s3-github-action@46dd0263ee582cbb2e81ad88209198d26d7a67c6,keithweaver,sha,action,1,1
mikefarah/yq@065b200af9851db0d5132f50bc10b1406ea5c0a8,mikefarah,sha,action,1,1
EndBug/add-and-commit@a94899bca583c204427a224a7af87c02f9b325d5,EndBug,sha,action,1,1
zizmorcore/zizmor-action@192e21d79ab29983730a13d1382995c2307fbcaa,zizmorcore,sha,action,1,1
j178/prek-action@91fd7d7cf70ae1dee9f4f44e7dfa5d1073fe6623,j178,sha,action,1,1
peter-evans/create-pull-request@22a9089034f40e5a961c8808d113e2c98fb63676,peter-evans,sha,action,1,1
